pair,label,run,mode,exit_code,accuracy,note,path,answer_preview
got,Battle of the Bastards,1,LLM,0,1.000,jon+ally,got/run_001_llm.md,"The central ally of Jon Snow in the Battle of the Bastards was Sansa Stark. She played a decisive role by sending a raven to Petyr Baelish, calling for the Knights of the Vale who ultimately turned th"
got,Battle of the Bastards,1,RLM,0,1.000,jon+ally,got/run_001_rlm.md,The central ally of the main character Jon Snow in the Battle of the Bastards was the Knights of the Vale.
got,Battle of the Bastards,2,LLM,0,1.000,jon+ally,got/run_002_llm.md,"The main character in the Battle of the Bastards is Jon Snow, and his most decisive ally was Sansa Stark, who contacted Petyr Baelish to summon the Knights of the Vale."
got,Battle of the Bastards,2,RLM,0,1.000,jon+ally,got/run_002_rlm.md,"The central ally of the main character, Jon Snow, in the Battle of the Bastards was **Knights of the Vale**. Final answer: **The Knights of the Vale**."
got,Battle of the Bastards,3,LLM,0,1.000,jon+ally,got/run_003_llm.md,"The central ally of Jon Snow in the Battle of the Bastards was Sansa Stark, whose decision to send for the Knights of the Vale proved most decisive."
got,Battle of the Bastards,3,RLM,0,1.000,jon+ally,got/run_003_rlm.md,The central ally of the main character Jon Snow was The Knights of the Vale.
got,Battle of the Bastards,4,LLM,0,1.000,jon+ally,got/run_004_llm.md,"The central ally of Jon Snow in the Battle of the Bastards was the Knights of the Vale, led by Petyr Baelish (Littlefinger)."
got,Battle of the Bastards,4,RLM,0,0.000,missing jon or ally,got/run_004_rlm.md,"main_character + "", their central ally was the "" + central_ally"
got,Battle of the Bastards,5,LLM,0,1.000,jon+ally,got/run_005_llm.md,"The central ally of Jon Snow in the Battle of the Bastards was the Knights of the Vale, led by Petyr Baelish."
got,Battle of the Bastards,5,RLM,0,1.000,jon+ally,got/run_005_rlm.md,The central ally of the main character Jon Snow was Sansa Stark.
authproxy,AuthProxy Long Context,1,LLM,0,1.000,"q123=1/1/1,q4=1,q5=1",authproxy/run_001_llm.md,"Q1 [Single-hop retrieval]: 7 Q2 [Distractor robustness]: 7 Q3 [Misleading fact resistance]: 7 Q4 [Span extraction]: ServiceConfig instance ""AuthProxy-Primary"" has the following parameters: - MAX_RETRY"
authproxy,AuthProxy Long Context,1,RLM,0,0.600,"q123=1/1/1,q4=0,q5=0",authproxy/run_001_rlm.md,"Q1_answer) ``` ```repl 7 ``` Here are the answers: - **Q1:** 7 - **Q2:** 7 - **Q3:** 7 (to resist the ""5"" red herring, we confirm it is currently 7"
authproxy,AuthProxy Long Context,2,LLM,0,1.000,"q123=1/1/1,q4=1,q5=1",authproxy/run_002_llm.md,"Q1 [Single-hop retrieval]: 7 Q2 [Distractor robustness]: 7 Q3 [Misleading fact resistance]: 7 Q4 [Span extraction]: ServiceConfig instance ""AuthProxy-Primary"" has the following parameters: - MAX_RETRY"
authproxy,AuthProxy Long Context,2,RLM,0,0.000,"q123=0/0/0,q4=0,q5=0",authproxy/run_002_rlm.md,"If you have iteratively analyzed the context and derived specific points, summarize them in a clear, concise manner. However, since no explicit query or task was provided earlier, let me reframe this "
authproxy,AuthProxy Long Context,3,LLM,0,1.000,"q123=1/1/1,q4=1,q5=1",authproxy/run_003_llm.md,"Q1 [Single-hop retrieval]: 7 Q2 [Distractor robustness]: 7 Q3 [Misleading fact resistance]: 7 Q4 [Span extraction]: ServiceConfig instance ""AuthProxy-Primary"" has the following parameters: - MAX_RETRY"
authproxy,AuthProxy Long Context,3,RLM,0,1.000,"q123=1/1/1,q4=1,q5=1",authproxy/run_003_rlm.md,Here is the summary of the answers: - **Q1**: The `MAX_RETRY_LIMIT` for the `AuthProxy-Primary` instance is `7`. - **Q2**: The `MAX retry limit specifically for AuthProxy-Primary` is `7`. - **Q3**: Th
authproxy,AuthProxy Long Context,4,LLM,0,1.000,"q123=1/1/1,q4=1,q5=1",authproxy/run_004_llm.md,"Q1 [Single-hop retrieval]: 7 Q2 [Distractor robustness]: 7 Q3 [Misleading fact resistance]: 7 Q4 [Span extraction]: ServiceConfig instance ""AuthProxy-Primary"" has the following parameters: - MAX_RETRY"
authproxy,AuthProxy Long Context,4,RLM,0,0.400,"q123=0/0/0,q4=1,q5=1",authproxy/run_004_rlm.md,"Given that the context describes an active production configuration as of 2025-01-09, and specifies that FAILOVER_ENABLED is set to `false` for AuthProxy-Primary, the summary can be: ""The main point o"
authproxy,AuthProxy Long Context,5,LLM,0,1.000,"q123=1/1/1,q4=1,q5=1",authproxy/run_005_llm.md,"Q1 [Single-hop retrieval]: 7 Q2 [Distractor robustness]: 7 Q3 [Misleading fact resistance]: 7 Q4 [Span extraction]: ServiceConfig instance ""AuthProxy-Primary"" has the following parameters: - MAX_RETRY"
authproxy,AuthProxy Long Context,5,RLM,0,0.000,"q123=0/0/0,q4=0,q5=0",authproxy/run_005_rlm.md,"I will directly state the conclusion derived from the context. ```python FINAL(final_answer) ``` Final answer: In ""Harry Potter and the Sorcerer's Stone,"" Gryffindor did not have to be leading at any "
clinical,Clinical Long Context,1,LLM,0,1.000,"q123=1/1/1,q4=1,q5=1.00",clinical/run_001_llm.md,Q1: PCN-HIGH Q2: PCN-HIGH Q3: PCN-HIGH Q4: Subject PT-2247 is flagged for enhanced renal monitoring due to creatinine trending above threshold at Week 12 visit (1.61 mg/dL). Q5: - The drug and dose th
clinical,Clinical Long Context,1,RLM,0,0.000,"q123=0/0/0,q4=0,q5=0.00",clinical/run_001_rlm.md,"As you have not shared the original context and query, I am unable to proceed with the analysis or queries. Please provide the necessary context and query so that we can begin working through this pro"
clinical,Clinical Long Context,2,LLM,0,0.000,"q123=0/0/0,q4=0,q5=0.00",clinical/run_002_llm.md,"""Q1"": Q1_answer, ""Q2"": Q2_answer, ""Q3"": Q3_answer, ""Q4"": Q4_answer, ""Q5"": Q5_answer"
clinical,Clinical Long Context,2,RLM,0,0.000,"q123=0/0/0,q4=0,q5=0.00",clinical/run_002_rlm.md,"If you need more context or details, please specify what additional information is required. Given that we have `context` available, let's proceed by examining the content of the context and determini"
clinical,Clinical Long Context,3,LLM,0,1.000,"q123=1/1/1,q4=1,q5=1.00",clinical/run_003_llm.md,Q1: PCN-HIGH Q2: PCN-HIGH Q3: PCN-HIGH Q4: Subject PT-2247 is flagged for enhanced renal monitoring due to creatinine trending above threshold at Week 12 visit (1.61 mg/dL). Q5: Step-by-step reasoning
clinical,Clinical Long Context,3,RLM,0,0.000,"q123=0/0/0,q4=0,q5=0.00",clinical/run_003_rlm.md,"If you need more details or context, feel free to ask."
clinical,Clinical Long Context,4,LLM,0,1.000,"q123=1/1/1,q4=1,q5=1.00",clinical/run_004_llm.md,Q1: PCN-HIGH Q2: PCN-HIGH Q3: PCN-HIGH Q4: Subject PT-2247 is flagged for enhanced renal monitoring due to creatinine trending above threshold at Week 12 visit (1.61 mg/dL). Q5: - Drug and dose: PT-22
clinical,Clinical Long Context,4,RLM,0,1.000,"q123=1/1/1,q4=1,q5=1.00",clinical/run_004_rlm.md,Here are the answers derived from the context: Q1: PCN-HIGH Q2: PCN-HIGH Q3: PCN-HIGH Q4: Note: Subject PT-2247 is flagged for enhanced renal monitoring due to creatinine trending above threshold at W
clinical,Clinical Long Context,5,LLM,0,1.000,"q123=1/1/1,q4=1,q5=1.00",clinical/run_005_llm.md,Q1: PCN-HIGH Q2: PCN-HIGH Q3: PCN-HIGH Q4: Treating physician: Dr. Anika Rao Note: Subject PT-2247 is flagged for enhanced renal monitoring due to creatinine trending above threshold at Week 12 visit 
clinical,Clinical Long Context,5,RLM,0,0.800,"q123=1/1/1,q4=0,q5=1.00",clinical/run_005_rlm.md,"Q1: PCN-HIGH Q2: PCN-HIGH Q3: PCN-HIGH Q4: creatinine trending above threshold at Week 12 visit (1.61 mg/dL). Q5: Step 1: PT-2247 is receiving Compound VX-7 (high dose, 80mg). Step 2: The committee re"
launch_note_app,Launch Note App,1,LLM,0,0.900,"goal,weeks,tasks,dependencies,tools,risks,mitigation,timeline,users",launch_note_app/run_001_llm.md,### Goal: Launch a New AI-Powered Note-Taking App in 30 Days #### Week 1: Planning and Design **Milestone 1: Define the Product and Design UI/UX** - **Task 1.1:** Research User Needs (Day 1) - Underst
launch_note_app,Launch Note App,1,RLM,0,0.700,"goal,weeks,dependencies,tools,risks,mitigation,timeline",launch_note_app/run_001_rlm.md,"The code executed in the REPL environment produced a detailed plan for launching an AI-powered note-taking app within 30 days, including weekly milestones, dependencies, recommended tools and technolo"
launch_note_app,Launch Note App,2,LLM,0,0.900,"goal,weeks,tasks,dependencies,tools,risks,mitigation,timeline,users",launch_note_app/run_002_llm.md,"### Goal: Launch a new AI-powered note-taking app in 30 days. --- #### Week 1: Planning, Research & Design **Milestone 1: Define Requirements & Wireframes** - Understand user needs and define core fea"
launch_note_app,Launch Note App,2,RLM,0,0.600,"goal,weeks,tasks,dependencies,tools,timeline",launch_note_app/run_002_rlm.md,"If you need further clarification or additional context, please let me know what specific task or question you would like to address using this planning document. ```repl SHOW_VARS() ``` The following"
launch_note_app,Launch Note App,3,LLM,0,0.900,"goal,weeks,tasks,dependencies,tools,risks,mitigation,timeline,users",launch_note_app/run_003_llm.md,### Goal: Launch a New AI-Powered Note-Taking App in 30 Days ### Weekly Milestones: 1. **Week 1: Planning & Design** 2. **Week 2: Development** 3. **Week 3: Testing & Feedback** 4. **Week 4: Launch** 
launch_note_app,Launch Note App,3,RLM,0,0.700,"goal,tasks,dependencies,tools,risks,mitigation,timeline",launch_note_app/run_003_rlm.md,"{'goal': 'Launch an AI-powered note-taking app in 30 days.', 'weekly_milestones': [{'week1': ['Define product vision (2 days)', 'Create project schedule (2 days)', 'Identify key features needed for th"
launch_note_app,Launch Note App,4,LLM,0,0.900,"goal,weeks,tasks,dependencies,tools,risks,mitigation,timeline,users",launch_note_app/run_004_llm.md,"### Goal: Launch a new AI-powered note-taking app in 30 days. --- ### Weekly Milestones **Week 1: Conceptualization and Planning** - **Objective:** Define product concept, develop business plan and ma"
launch_note_app,Launch Note App,4,RLM,0,0.000,none,launch_note_app/run_004_rlm.md,"It seems that both examples are returning `False`, which might be due to an error in our logic or test cases. Let's double-check and ensure the logic is correct. Here's the function again for clarity:"
launch_note_app,Launch Note App,5,LLM,0,0.900,"goal,weeks,tasks,dependencies,tools,risks,mitigation,timeline,users",launch_note_app/run_005_llm.md,"### Goal: Launch an AI-powered note-taking app in 30 days. #### Weekly Milestones **Milestone 1: Planning and Team Setup (Week 1)** - **Week 1, Day 1 to Day 7** **Milestone 2: Design and Wireframing ("
launch_note_app,Launch Note App,5,RLM,0,0.000,none,launch_note_app/run_005_rlm.md,"If more context is needed, you can use `rlm_query` or `llm_query` to gather additional information and then formulate the final response. ```repl SHOW_VARS() ```"
pdf_cersei_warning,PDF Cersei Warning,1,LLM,0,0.000,quote missing,pdf_cersei_warning/run_001_llm.md,"Certainly! Here's a concise summary of House Targaryen and their history, focusing on key figures and events: ### House Targaryen: The Bloodline of the Dragon **Signature Traits:** Lilac or indigo eye"
pdf_cersei_warning,PDF Cersei Warning,1,RLM,0,0.000,quote missing,pdf_cersei_warning/run_001_rlm.md,Cersei or Ned did not speak in the text.
pdf_cersei_warning,PDF Cersei Warning,2,LLM,0,0.000,quote missing,pdf_cersei_warning/run_002_llm.md,The provided text offers comprehensive information about several noble families in Westeros and key historical details. Here’s an organized summary: ### **Key Noble Families:** 1. **House Targaryen** 
pdf_cersei_warning,PDF Cersei Warning,2,RLM,0,0.000,quote missing,pdf_cersei_warning/run_002_rlm.md,"I will now use `rlm_query` to formulate a clear response considering the quote found. ```repl final_answer = rlm_query(f""Based on the dialogue between Cersei and Ned, find the veiled warning that begi"
pdf_cersei_warning,PDF Cersei Warning,3,LLM,0,0.000,quote missing,pdf_cersei_warning/run_003_llm.md,"The comprehensive summary provided covers the history and key figures of Westeros, including important houses such as Lannister, Stark, Targaryen, Baratheon, Greyjoy, Martell, and Tyrell. Below is a b"
pdf_cersei_warning,PDF Cersei Warning,3,RLM,0,0.000,quote missing,pdf_cersei_warning/run_003_rlm.md,
pdf_cersei_warning,PDF Cersei Warning,4,LLM,0,0.000,quote missing,pdf_cersei_warning/run_004_llm.md,"Certainly! Here's a concise and organized summary of key information related to the Targaryen dynasty, focusing on the succession, major events, and notable figures: ### The Targaryen Dynasty: Success"
pdf_cersei_warning,PDF Cersei Warning,4,RLM,0,0.000,quote missing,pdf_cersei_warning/run_004_rlm.md,"If `final_quote_variable` contains a relevant quote, extract and present it as the veiled warning given by Cersei to Ned. Otherwise, state that no such quote was found. ```repl FINAL(final_quote_varia"
pdf_cersei_warning,PDF Cersei Warning,5,LLM,0,0.000,quote missing,pdf_cersei_warning/run_005_llm.md,Certainly! Below is the provided text organized into sections for better readability and understanding: --- ### House Targaryen: The Dragon Bloodline The Targaryens are the blood of the dragon. Their 
pdf_cersei_warning,PDF Cersei Warning,5,RLM,0,0.000,quote missing,pdf_cersei_warning/run_005_rlm.md,"Here's what I did: 1. Used a regular expression to find potential dialogues between Cersei and Ned in the context. 2. Looked for these dialogues that contained ""King's Landing"" or any mention of ""leav"
tsp_branch_bound,Under-specified TSP,1,LLM,0,0.000,hallucinated solve,tsp_branch_bound/run_001_llm.md,"To solve the Traveling Salesman Problem (TSP) for 8 cities using a branch-and-bound or systematic search strategy, we will follow these steps: ### Step-by-Step Explanation First, let's establish some "
tsp_branch_bound,Under-specified TSP,1,RLM,0,0.000,hallucinated solve,tsp_branch_bound/run_001_rlm.md,"[""A"", ""B"", ""C"", ""D"", ""E"", ""F"", ""G"", ""H""]"
tsp_branch_bound,Under-specified TSP,2,LLM,0,0.000,hallucinated solve,tsp_branch_bound/run_002_llm.md,"To solve the Traveling Salesman Problem (TSP) for 8 cities using a systematic search strategy like branch-and-bound, we need to follow a structured approach. Let's outline our solution step-by-step. #"
tsp_branch_bound,Under-specified TSP,2,RLM,0,0.000,hallucinated solve,tsp_branch_bound/run_002_rlm.md,"Given that we have executed the `explore_tour` function and obtained the optimal tour path, let's finalize this in the appropriate format. The optimal tour found by the branch-and-bound algorithm is r"
tsp_branch_bound,Under-specified TSP,3,LLM,0,0.000,hallucinated solve,tsp_branch_bound/run_003_llm.md,"To solve the Traveling Salesman Problem (TSP) for 8 cities (A, B, C, D, E, F, G, H) using a branch-and-bound or systematic search strategy, we can follow these steps: ### Step-by-Step Solution 1. **In"
tsp_branch_bound,Under-specified TSP,3,RLM,0,0.000,hallucinated solve,tsp_branch_bound/run_003_rlm.md,"If you need more details from the context, you can access them using `context`, and if necessary, query for specific parts of the context or use the context in an analysis. ```repl print(context) ```"
tsp_branch_bound,Under-specified TSP,4,LLM,0,0.000,hallucinated solve,tsp_branch_bound/run_004_llm.md,"To solve the Traveling Salesman Problem (TSP) for 8 cities using a branch-and-bound strategy, we need to follow a systematic approach that uses logical reasoning to prune paths early in order to find "
tsp_branch_bound,Under-specified TSP,4,RLM,0,0.000,hallucinated solve,tsp_branch_bound/run_004_rlm.md,"Since I couldn't retrieve the distance matrix directly, let's assume we have a symmetric distance matrix for the cities A, B, C, D, E, F, G, H that satisfies the triangle inequality. We will use this "
tsp_branch_bound,Under-specified TSP,5,LLM,0,0.000,hallucinated solve,tsp_branch_bound/run_005_llm.md,"To solve the Traveling Salesman Problem (TSP) for 8 cities using a branch-and-bound or systematic search strategy, we will start by setting up the necessary framework to track explored paths, prune su"
tsp_branch_bound,Under-specified TSP,5,RLM,0,0.000,hallucinated solve,tsp_branch_bound/run_005_rlm.md,"We can refine the extraction and processing steps as necessary. Given that the cities are extracted correctly but not used in further computations, let's correct this by ensuring we use these city nam"
stochastic_tsp,Stochastic Adaptive TSP,1,LLM,0,0.250,"cost=na,cost_ok=0,lucky=0,unlucky=1",stochastic_tsp/run_001_llm.md,"To find an optimal adaptive policy and its corresponding expected cost, we need to consider all possible scenarios at each step and calculate the expected value for each decision point. Given the stoc"
stochastic_tsp,Stochastic Adaptive TSP,1,RLM,0,0.000,"cost=na,cost_ok=0,lucky=0,unlucky=0",stochastic_tsp/run_001_rlm.md,"If you need further clarification or additional context, please let me know."
stochastic_tsp,Stochastic Adaptive TSP,2,LLM,0,0.500,"cost=na,cost_ok=0,lucky=1,unlucky=1",stochastic_tsp/run_002_llm.md,"To derive the optimal adaptive policy for your scenario, we need to consider both deterministic and stochastic factors involved in the problem: 1. **Multipliers**: Each city has a 50% chance of being "
stochastic_tsp,Stochastic Adaptive TSP,2,RLM,0,0.000,"cost=16.75,cost_ok=0,lucky=0,unlucky=0",stochastic_tsp/run_002_rlm.md,"Based on our previous computations and the optimal policy function, we have determined that the expected total cost is 16.75 and the optimal path is `['E', 'B', 'C', 'D']`. Thus, the final answer can "
stochastic_tsp,Stochastic Adaptive TSP,3,LLM,0,0.000,"cost=na,cost_ok=0,lucky=0,unlucky=0",stochastic_tsp/run_003_llm.md,"To derive an optimal adaptive policy for visiting all cities and returning to A while minimizing the expected total cost, we need to take into account both the base costs and the stochastic nature int"
stochastic_tsp,Stochastic Adaptive TSP,3,RLM,0,0.000,"cost=na,cost_ok=0,lucky=0,unlucky=0",stochastic_tsp/run_003_rlm.md,"The calculation for the expected total cost of the policy ""A -> B -> E -> C -> D -> A"" has been computed, and the result is 14.0. We can now wrap this up as our final response. Here is the final answe"
stochastic_tsp,Stochastic Adaptive TSP,4,LLM,0,0.500,"cost=na,cost_ok=0,lucky=1,unlucky=1",stochastic_tsp/run_004_llm.md,"To derive an optimal adaptive policy for this problem, we need to consider both the immediate and subsequent decisions while accounting for the stochastic nature of the multipliers at each city. The g"
stochastic_tsp,Stochastic Adaptive TSP,4,RLM,-9,0.000,nonzero exit,stochastic_tsp/run_004_rlm.md,
stochastic_tsp,Stochastic Adaptive TSP,5,LLM,0,0.000,"cost=15.5,cost_ok=0,lucky=0,unlucky=0",stochastic_tsp/run_005_llm.md,"To derive an optimal adaptive policy for your situation, we need to consider the base costs and multipliers at each step while also taking into account how the information about past visits can help i"
stochastic_tsp,Stochastic Adaptive TSP,5,RLM,0,0.000,"cost=na,cost_ok=0,lucky=0,unlucky=0",stochastic_tsp/run_005_rlm.md,
